-- phpMyAdmin SQL Dump
-- version 4.9.0.1
-- https://www.phpmyadmin.net/
--
-- Хост: 127.0.0.1:3306
-- Час створення: Бер 11 2020 р., 23:51
-- Версія сервера: 8.0.15
-- Версія PHP: 7.1.32

SET SQL_MODE = "NO_AUTO_VALUE_ON_ZERO";
SET AUTOCOMMIT = 0;
START TRANSACTION;
SET time_zone = "+00:00";


/*!40101 SET @OLD_CHARACTER_SET_CLIENT=@@CHARACTER_SET_CLIENT */;
/*!40101 SET @OLD_CHARACTER_SET_RESULTS=@@CHARACTER_SET_RESULTS */;
/*!40101 SET @OLD_COLLATION_CONNECTION=@@COLLATION_CONNECTION */;
/*!40101 SET NAMES utf8mb4 */;

--
-- База даних: `cookbook`
--

-- --------------------------------------------------------

--
-- Структура таблиці `authors`
--

CREATE TABLE `authors` (
  `author_id` int(11) NOT NULL,
  `name` varchar(256) CHARACTER SET utf8 COLLATE utf8_general_ci NOT NULL,
  `phone` varchar(20) CHARACTER SET utf8 COLLATE utf8_general_ci NOT NULL,
  `email` varchar(256) CHARACTER SET utf8 COLLATE utf8_general_ci NOT NULL,
  `count_of_recipes` int(11) DEFAULT NULL
) ENGINE=InnoDB DEFAULT CHARSET=utf8 COLLATE=utf8_unicode_ci;

--
-- Дамп даних таблиці `authors`
--

INSERT INTO `authors` (`author_id`, `name`, `phone`, `email`, `count_of_recipes`) VALUES
(1, 'Гордон Рамзі', '+380951488228', 'ramzi@gmail.com', 0),
(2, 'Ален Дюкасс', '+380665544330', 'ducass@gmail.com', 0),
(3, 'Джейми Оливер', '+380501488228', 'oliver@gmail.com', 0),
(4, 'Поль Бокюз', '+380661345330', 'bokuz@gmail.com', 0),
(5, 'Нобуюки Нобу Мацухиса', '+380501483256', 'japanese.motherfucker@gmail.com', 0);

-- --------------------------------------------------------

--
-- Структура таблиці `categories`
--

CREATE TABLE `categories` (
  `category_id` int(11) NOT NULL,
  `category_title` varchar(256) CHARACTER SET utf8 COLLATE utf8_general_ci NOT NULL
) ENGINE=InnoDB DEFAULT CHARSET=utf8 COLLATE=utf8_unicode_ci;

--
-- Дамп даних таблиці `categories`
--

INSERT INTO `categories` (`category_id`, `category_title`) VALUES
(1, 'Закуски'),
(2, 'Салати'),
(3, 'Перші страви'),
(4, 'Другі страви'),
(5, 'Гарніри'),
(6, 'Десерти'),
(7, 'Напої');

-- --------------------------------------------------------

--
-- Структура таблиці `images`
--

CREATE TABLE `images` (
  `img_id` int(11) NOT NULL,
  `url` varchar(256) CHARACTER SET utf8 COLLATE utf8_general_ci NOT NULL,
  `recipe_id` int(11) NOT NULL
) ENGINE=InnoDB DEFAULT CHARSET=utf8 COLLATE=utf8_unicode_ci;

--
-- Дамп даних таблиці `images`
--

INSERT INTO `images` (`img_id`, `url`, `recipe_id`) VALUES
(1, 'views\\img\\8.webp', 8),
(2, 'views\\img\\60.webp', 11),
(3, 'views\\img\\140.webp', 16),
(5, 'views\\img\\234.webp', 15),
(6, 'views\\img\\302.webp', 10),
(7, 'views\\img\\343.webp', 12),
(8, 'views\\img\\349.webp', 14),
(9, 'views\\img\\360.webp', 7),
(10, 'views\\img\\366.webp', 4),
(11, 'views\\img\\375.webp', 5),
(12, 'views\\img\\380.webp', 9),
(13, 'views\\img\\382.webp', 6),
(14, 'views\\img\\385.webp', 3),
(15, 'views\\img\\203.webp', 13);

-- --------------------------------------------------------

--
-- Структура таблиці `recipes`
--

CREATE TABLE `recipes` (
  `id` int(11) NOT NULL,
  `title` varchar(256) CHARACTER SET utf8 COLLATE utf8_general_ci NOT NULL,
  `ingredients` text CHARACTER SET utf8 COLLATE utf8_general_ci NOT NULL,
  `content` text CHARACTER SET utf8 COLLATE utf8_general_ci NOT NULL,
  `views` int(11) NOT NULL,
  `category_id` int(11) NOT NULL,
  `author_id` int(11) NOT NULL
) ENGINE=InnoDB DEFAULT CHARSET=utf8;

--
-- Дамп даних таблиці `recipes`
--

INSERT INTO `recipes` (`id`, `title`, `ingredients`, `content`, `views`, `category_id`, `author_id`) VALUES
(3, 'Курячий суп з грибами і вермішеллю', 'Інгредієнти на 4-5 порцій:\r\nКурка (будь-які її частини) 350 г\r\nКартопля 2 шт.\r\nПечериці або гливи 200 г\r\nВермішель (тонка павутинка) 50 г\r\nЦибуля ріпчаста 1 шт.\r\nМорква 1 шт.\r\nПерець болгарський (можна заморожений) 0,5 шт.\r\nСіль, лавровий лист, спеції і зелень - все за бажанням і за смаком\r\nВода 2-2,5 л\r\nОливкова олія або інша для овочевої зажарки', '1. Я варю супи на другому бульйоні. Якщо ви цього не дотримуєтеся, просто залийте м\'ясо холодною водою (у мене курка заздалегідь обробити на шматочки), поставте на плиту і нехай закипає. Якщо під час варіння бульйону утворюється піна - зніміть її.\r\nПереходьте відразу до другого кроку приготування, якщо не робите другий бульйон.\r\n2. Почистити всі овочі. Цибулю нарізати дрібною крихтою і викласти на розігріту сковороду з олією. Натерти моркву і відправити до цибулі, перемішати. Потім викласти нарізаний дрібно болгарський перець і все разом, помішуючи, обсмажити приблизно 4-5 хвилин. Овочева зажарка для супу готова.\r\n3. Нарізати картоплю кубиками середнього розміру і, після закипання води з куркою, відправити картоплю в бульйон.\r\n4. Поки вариться картопля, підготуємо гриби - якщо використовуєте печериці, потрібно обрізати темні місця, ретельно помити і за бажанням почистити їх (це не обов\'язково), після чого нарізати великими або дрібними шматочками і обсмажити їх на сковороді хвилин 5 з додаванням невеликої кількості рослинної олії. Гриби для супу готові.\r\n5. Коли картопля практично готова (вона має бути м\'якою), додаємо в бульйон вермішель павутинку, а також висипаємо сюди овочеву зажарку і обсмажені гриби. Даємо покипіти ще пару хвилин, додаємо лавровий лист і спеції (у мене чорний мелений перець і прованські трави), зелень за смаком і вимикаємо. Накрити кришкою і дати постояти готовому супу 10-15 хвилин.\r\n', 0, 3, 1),
(4, 'Сендвіч бутерброд із сьомгою і овочами', 'Інгдедіенти на 1 сендвіч з сьомгою:\r\nХліб тостовий (або широкий батон) 2 скибочки\r\nСьомга 3-4 шматочки\r\nПомідор 0,5 шт.\r\nОгірок 0,5 шт.\r\nЛистя салату 1-2 шт.', '1. Підготувати хліб і всі інгредієнти, які будемо класти в начинку: наріжемо тонкими скибочками помідор, огірок і сьомгу. Якщо потрібно - наріжте салат великими шматочками, або можна використовувати його у вигляді цілого листя.\r\n2. Покласти на одну зі скибочок хліба помідор, огірок, зверху сьомгу, потім листя салату. Накрити зверху другою скибочкою хліба.', 0, 1, 2),
(5, 'Салат з помідорами і руколою', 'Інгредієнти:\r\nПомідор крупний 1 шт.\r\nПерець болгарський 1 шт.\r\nРукола 1 пучок\r\nСіль, прованські трави, базилік - за смаком\r\nОливкова олія\r\nЧасник - за бажанням 1 зубчик', '1. Рукколу, перець і помідор промити і просушити.\r\n\r\n2. Перець очистити від насіння і нарізати соломкою. Помідори нарізати великим Купік або скибочками, видаливши попередньо грубу частину.\r\n\r\n3. Скласти овочі в салатник, перемішати. Додати руколу, знову перемішати. Додати сіль, спеції, оливкову олію за смаком, перемішати і можна подавати. У цей салат можна також додати подрібнений зубчик часнику, це за бажанням.', 0, 2, 2),
(6, 'Мексиканська суміш з червоною рибою', 'Інгредієнти на 2 порції:\r\nЧервона або інша свіжа риба 100 г\r\nМексиканська суміш 300 г\r\nЗаморожені томати (за бажанням) 30 г\r\nСіль та спеції за смаком\r\nРослинна олія 1-2 ст. л.', '1. Ставимо на вогонь сковороду і наливаємо рослинну олію (я люблю оливкову).\r\n2. Нарізати шматочками червону рибу. Можна використовувати і будь-яку іншу рибу.\r\nМи тримали сувору дієту без солі, тому використовували саме червону рибу - ця риба поживна і має приємний смак, якщо готувати її без солі. Якщо готувати хека - він пріснуватий на смак, але якщо зі спеціями і приправами, то відмінно сюди підійде і хек, і минтай, і товстолобик.\r\n3. Викладаємо на сковороду заморожену мексиканську суміш і рибу.\r\n4. Можна додати заморожені помідори і ще додати спаржу або будь-які інші овочі - це все за бажанням, можна нічого не додавати. Наливаємо трохи теплої води, накриваємо кришкою і тушкуємо все 5-7 хвилин, періодично помішуючи.\r\n\r\nВ кінці додати сіль, спеції за смаком. Я додаю хмелі-сунелі, паприку, сушений часник.', 0, 4, 5),
(7, 'Морепродукти в вершковому соусі', 'Інгредієнти:\r\nЗаморожений морський коктейль (або креветки) 400 г\r\nВершки (у мене 20% жирність) 100 мл\r\nабо сметана 3 ст.л.\r\nЧасник 2 зубчики\r\nОливкова олія 3 ст.л.\r\nБазилік свіжий або сушений\r\nСуміш прованських трав', '1. Морепродукти промити теплою водою 2-3 рази, виклавши їх на друшляк - робимо це для позбавлення від зайвого льоду.\r\n2. Налити на сковороду оливкову олію, можна до неї додати шматочок вершкового масла, викласти в масло, що нагрівається, пару очищених зубчиків часнику (попередньо злегка придавити часник ножем або розрізати на кілька великих шматочків, щоб він пустив сік), обсмажити цей часник в олії півхвилини, після чого його потрібно відразу прибрати. Часник віддав свій аромат маслу і, таким чином, у нас готове часникове масло.\r\n3. У масло викладаємо морепродукти, сюди ж додати вершки (або сметану, злегка розведену водою) і всі спеції, сіль, протушкувати після закипання не більш 2-3 хвилин і вимкнути, накрити кришкою і дати настоятися. Морепродукти довго не потрібно тушкувати, щоб вони вийшли не \"резиновими\", а ніжними, тому кілька хвилин їх прогріти достатньо.\r\n4. Рекомендую морепродукти в вершковому соусі подавати разом зі спагетті (пастою) або з рисом, а також зі свіжими овочами. Можна готову пасту додати до морепродуктів - отримаємо пасту з морепродуктами.', 0, 4, 3),
(8, 'Борщ український', 'Для приготування борщу знадобляться такі інгредієнти:\r\n \r\n3 л води\r\n300 - 400 г м\'яса (свинина або яловичина, або свинячі реберця) або птиці\r\n2-3 середніх картоплини\r\n150 г капусти\r\n150 г буряка\r\n100 г моркви\r\n2 середні цибулини\r\n750 мл томатного соку (або 2 ст. л. томатної пасти розвести водою)\r\n2 лаврові листки\r\nСіль і перець\r\nрослинна олія', '1. М\'ясо промити, нарізати шматочками, залити холодною водою і варити 2-2,5 години, якщо це свинина або яловичина. Якщо птиця, то варити за часом менше - 1-1,5 години.\r\n2. Поки бульйон звариться, зробимо заправку для борщу. Для цього буряк окремо припустити, цибулю з морквою - окремо протушкувати.\r\n\r\nЦибулю дрібно нарізати, моркву натерти. На розігріту сковороду налити рослинного масла або покласти шматочок жиру, висипати цибулю і моркву, трохи обсмажити. Потім додати до овочів томатний сік або морс, або розвести томатну пасту водою. Тушкувати на невеликому вогні 15- 20 хвилин\r\n3. Буряк нарізати соломкою або брусочками. Для економії часу можна і натерти на тертку, але правильно буде саме нарізати. Висипати на розігріту сковороду з рослинним маслом, трохи обсмажити. Потім додати невелику кількість води і припустити (протушкувати) 20 хвилин. І тут один момент: якщо хочете, щоб буряк не втратила свій колір в процесі, додайте трохи оцту. Але оцет можна і не додавати - тоді колір борщу виходить більш насиченим.\r\n4. Почистити картоплю і нарізати кубиками або брусочками.\r\n5. Коли бульйон буде готовий - закладаємо в нього картоплю. Час варіння залежить від розміру нарізаної картоплі і від його сорту, в середньому 15 хвилин.\r\n\r\n6. Капусту нашаткувати соломкою і, коли картопля майже зварилася, закладаємо в бульйон. Проварити 3-4 хвилини.\r\n7. Після чого висипаємо нашу заправку - протушені цибулю з морквою і томатом, а також буряк в бульйон з овочами. Посолити, поперчити. Додати лавровий лист, можна додати зелень. І вимкнути. Дати трохи настоятися.', 0, 3, 1),
(9, 'Картопля по-селянськи в духовці', 'Інгредієнти:\r\nКартопля\r\nСіль за смаком\r\nСпеції за смаком\r\nРослинна олія (оливкова або соняшникова)', '1. Картоплю почистити, промити і просушити паперовими рушниками або звичайним рушником.\r\n2. Нарізати великими шматочками однакового розміру.\r\n3. Скласти в форму для запікання, у мене скляна форма. Або викласти на деко, якщо плануєте запікати картоплю по-селянськи на велику компанію.\r\n4. Посипати сіллю і спеціями, мені дуже подобається використовувати для запікання картоплі паприку, хмелі-сунелі і сушений часник. Якщо ви любите інші приправи і спеції, експериментуйте і використовуйте їх.\r\n\r\nМожна також використовувати спеціальну приправу \"Для картоплі\".\r\n5. Полити оливковою олією. Якщо не любите оливкову, використовуйте соняшникову. Добре перемішати руками картоплю зі спеціями та олією.\r\n6. Відправити в розігріту до 220 градусів духовку приблизно на 30 хвилин і запікати до готовності. Кришкою накривати не потрібно. Запікати в режимі без використання конвекції, у мене режим \"верх-низ\". За 10 хвилин до готовності можна зменшити температуру до 190-200 градусів і включити конвекцію, щоб картопля вийшла з апетитною золотистою скоринкою зверху. Вимкнути і залишити в духовці ще на деякий час, щоб страва \"дійшла\".\r\nПодавайте картоплю по-селянськи з нарізаною зеленню, овочевими салатами або як гарнір до інших страв. Смачного!', 0, 5, 4),
(10, 'Стейки з індички на сковороді гриль', 'Що знадобиться для приготування стейків з індички:\r\nФіле індички\r\nСіль\r\nПерець чорний свіжозмелений\r\nПаприка\r\nСуміш сушених прованських трав\r\nЧасник\r\nОливкова олія', '1. М\'ясо промити і просушити, нарізати пластами поперек волокон товщиною не менше 1,5 см.\r\n2. Посипаємо і натираємо з двох сторін сіллю, перцем чорним меленим, паприкою і сумішшю прованських трав.\r\n3. Подрібнити за допомогою часникодавки кілька зубчиків часнику і розподіляємо його по стейкам.\r\n4. Змащуємо кожен шматочок оливковою олією, складаємо в миску і залишаємо мінімум на годину, а якщо довше - ще краще, промаринуватися при кімнатній температурі. Можна замаринувати на ніч і залишити в холодильнику.\r\n5. Викладаємо стейки на добре розігріту сковороду гриль і смажимо до готовності. Саму сковороду можна також трохи змастити оливковою олією, зовсім небагато. Час смаження залежить від товщини нарізаних стейків і самої сковороди. Наприклад, я використовую чавунну сковороду гриль, яка може сильно розігріватися і м\'ясо на ній готується дуже швидко, тому стейки я смажу з двох сторін приблизно 10 хвилин і в самому кінці накриваю кришкою, щоб стейки дійшли до готовності. Якщо у вас сковорода з алюмінію з антипригарним покриттям - можливо, на приготування стейків знадобиться трохи більше часу.\r\nотові стейки рекомендую подавати, поки вони не охололи. Стейки з індички найкраще доповнить овочевий салат і зелень. ', 0, 4, 4),
(11, 'Салат Цезар', 'Для приготування потрібні інгредієнти:\r\nСалат «Ромен» або звичайний листовий - 1 середній пучок\r\nЯйце -2 шт.\r\nКурка - 250 - 300 г\r\nПоловинка батона білого хліба\r\nЧасник - 3 зубчики\r\nТертий сир пармезан - 40-50 г\r\nСік лимона - 2 ст. л.\r\nОцет - 1 ч.л.\r\nОливкова олія 5 ст.л.\r\nГірчиця (2 ч.л.)\r\nсіль, перець', '1. 1 зубчик часнику дрібно нарізати або пропустити через чеснокодавку.\r\n \r\n2. Зробимо суміш, яка буде потрібна для сухариків. Для цього перемішати 5 ст. ложок оливкової олії і подрібнений часник і залишити (нехай настоїться) на півгодини.\r\n \r\n3. Зробити соус: жовтки ретельно розтерти з гірчицею, додати видавлений часник і перемішати. Потім додати сік лимона, оцет, оливкову олію. Ретельно перемішати.\r\n Залишити на деякий час, щоб соус настоявся. Краще поставити його в холодильник.\r\n \r\n4. Тепер приготуємо сухарики. Для цього хліб нарізати кубиками. Краще брати злегка підсушений або вчорашній хліб.\r\n \r\n5. Обсмажити хлібні кубики на маслі з часником до появи золотистої скоринки, на добре розігрітій сковороді, постійно помішуючи.\r\n \r\n6. Курку порізати на шматочки, краще кубиком, посолити, поперчити і обсмажити.\r\n \r\n7. Сир пармезан натерти на крупну тертку.\r\n \r\n8. Промиті і просушені листя салату порвати і викласти на дно тарілки.\r\n \r\n9. На салат викласти готові сухарики і курку, заправити соусом (можна не перемішувати) і посипати зверху сиром.\r\n \r\n\r\nСалат Цезар краще подавати на стіл відразу, щоб сухарики НЕ розм\'якли і щоб він не втратив свій первинний смак і аромат!', 0, 1, 4),
(12, 'Вишнева наливка', 'Інгредієнти:\r\nВишня 1 кг\r\nЦукор 300-400 г\r\nВодка 0,5 л', '1. Промиту, очищену від плодоніжок вишню з кісточками висипаємо в трилітрову банку і засипаємо цукром. Мені зручніше робити це пошарово - насипаю частину вишні, потім частину цукру, потім знову вишню і т.д.\r\n2. Заливаємо горілкою вишні з цукром. Цукор, який в нерозчиненому вигляді залишається на дні, відразу не розчиниться і це нормально - він з часом все одно розчиниться в процесі настоювання.\r\n3. Закриваємо нашу горілчано-вишневу суміш кришкою, трохи перемішуємо, струшуючи банку і залишаємо в темному місці при кімнатній температурі приблизно на 2 місяці. Періодично, раз в 2-3 дні, збовтувати вміст банки.\r\n4. Через пару місяців напій стане насиченим за кольором і на смак, цукор розчиниться, тепер можна процідити вишню від настойки через друшляк або через марлю, складену вдвічі. Настоянку закриваємо кришкою і ставимо в холодильник або в інше прохолодне темне місце. А проспиртовану вишню, якщо хочете, можна використовувати для приготування цукерок або випічки.', 0, 7, 1),
(13, 'Полуничний лікер', 'Інгредієнти для приготування полуничного лікеру:\r\nПолуниця 2 кг\r\nГорілка 1 л\r\nЦукор 1 кг\r\nВода 1 л', '1. Полуницю перебрати, видалити хвостики, промити кілька разів і просушити\r\n2. Висипати полуницю в 3-х літрову банку і залити горілкою. Залишити на 3-4 дні.\r\n3. Через 4 дні ягоди відкинути на друшляк, горілку злити поки в окремий посуд.\r\n4. Закип\'ятити воду, додати в неї цукор і зварити цукровий сироп. Висипати полуницю, проварити в цьому сиропі 8-10 хвилин.\r\n5. Сироп остудити і процідити, відкинувши полуницю на друшляк. Розім\'яти полуницю товкачем в друшляку в пюре і процідити добре сік, що залишився, після чого ягоди викинути.\r\n6. З\'єднати сироп з горілкою, вилити в трилітрову банку і залишити настоюватися, як мінімум, 2-3 тижні, а ще краще - кілька місяців. Чим довше настоюється лікер - тим краще і насиченішим стає його смак.\r\n7. Процідити настоявшийся лікер через дрібне сито або марлю, після чого розлити по пляшках.\r\n', 0, 7, 3),
(14, 'Домашнє морозиво з двох інгредієнтів', 'Інгредієнти для приготування домашнього морозива:\r\nЗгущене молоко 150 мл\r\nВершки (у мене 20% жирність) 200 мл', '1. Підготуємо вершки і згущене молоко.\r\n2. Змішаємо ці два інгредієнти в мисці, за бажанням вершки можна попередньо злегка збити, але не обов\'язково.\r\n3. Ставимо в морозилку до повного застигання, приблизно на 3-4 години. Наше морозиво готово!\r\n\r\nСмачного!', 0, 6, 3),
(15, 'Смузі з бананом', 'Інгредієнти для приготування смузі з банана і кефіру на 2 порції:\r\nБанан 1 шт.\r\nКефір 250 мл\r\nЦукор або мед за смаком', '1. Банан нарізати або поламати на шматочки, додати до кефіру, додати сюди ж цукор або мед.\r\n2. Все разом збивати протягом декількох хвилин в блендері.\r\nНапій готовий! Можете насолоджуватися!', 0, 6, 2),
(16, 'Чізкейк в мультиварці', 'Інгредієнти:\r\n\r\nВівсяне печиво 300 г\r\nСир «Філадельфія» або інший вершковий сир 650 г\r\nМасло вершкове 160 г + для змащування форми\r\nПудра цукрова 100 г\r\nЯйця 3 шт.\r\nВершки (не менше 20% жирності)\r\nВанілін або ванільний цукор', '1. Зробити основу для чізкейку. Для цього печиво вівсяне необхідно ретельно подрібнити за допомогою блендера. Перекласти в миску.\r\n \r\n2. Вершкове масло розтопити і перемішати з подрібненим печивом.\r\n \r\n3. Сир «Філадельфія» і цукрову пудру збити міксером до однорідного стану протягом декількох хвилин.\r\n \r\n4. У збитий сир додати поступово яйця, потім вершки і ванілін або ванільний цукор. Всі разом ще раз збити.\r\n \r\n5. Вершковим розм\'якшеним маслом змастити дно і стінки форми. Вирізати широкі смужки зі звичайного паперу і укласти їх у змащену форму хрест на хрест - так, щоб їх краї виходили за кришку мультиварки.\r\n \r\n6. У форму мультиварки викласти подрібнене печиво з вершковим маслом і щільно утрамбувати (я це роблю за допомогою дна склянки), сформувати бортики по 2-3 см.\r\n \r\n7. Викласти зверху підготовлену начинку.\r\n \r\n8. Кришку мульіваркі закрити і включити режим «випічка». Час випічки приблизно 50 хвилин.\r\n \r\n9. По закінченні часу мультиварку не відкривати відразу, а залишити на 15-20 хвилин на режимі «підігрів». Після чого кришку відкрити і дати чізкейку охолонути у формі.\r\n \r\n10. Дістати чізкейк з форми, тримаючи за смужки і перекласти на блюдо. Накрити і помістити в холодильник на кілька годин до застигання.\r\nГотовий чізкейк при подачі прикрашайте тертим шоколадом або фруктами, можна також полити сиропом або варенням. Смачного!', 0, 6, 5);

--
-- Індекси збережених таблиць
--

--
-- Індекси таблиці `authors`
--
ALTER TABLE `authors`
  ADD PRIMARY KEY (`author_id`);

--
-- Індекси таблиці `categories`
--
ALTER TABLE `categories`
  ADD PRIMARY KEY (`category_id`);

--
-- Індекси таблиці `images`
--
ALTER TABLE `images`
  ADD PRIMARY KEY (`img_id`);

--
-- Індекси таблиці `recipes`
--
ALTER TABLE `recipes`
  ADD PRIMARY KEY (`id`),
  ADD KEY `category_list` (`category_id`),
  ADD KEY `category_list_2` (`category_id`);

--
-- AUTO_INCREMENT для збережених таблиць
--

--
-- AUTO_INCREMENT для таблиці `authors`
--
ALTER TABLE `authors`
  MODIFY `author_id` int(11) NOT NULL AUTO_INCREMENT, AUTO_INCREMENT=6;

--
-- AUTO_INCREMENT для таблиці `categories`
--
ALTER TABLE `categories`
  MODIFY `category_id` int(11) NOT NULL AUTO_INCREMENT, AUTO_INCREMENT=10;

--
-- AUTO_INCREMENT для таблиці `images`
--
ALTER TABLE `images`
  MODIFY `img_id` int(11) NOT NULL AUTO_INCREMENT, AUTO_INCREMENT=16;

--
-- AUTO_INCREMENT для таблиці `recipes`
--
ALTER TABLE `recipes`
  MODIFY `id` int(11) NOT NULL AUTO_INCREMENT, AUTO_INCREMENT=17;
COMMIT;

/*!40101 SET CHARACTER_SET_CLIENT=@OLD_CHARACTER_SET_CLIENT */;
/*!40101 SET CHARACTER_SET_RESULTS=@OLD_CHARACTER_SET_RESULTS */;
/*!40101 SET COLLATION_CONNECTION=@OLD_COLLATION_CONNECTION */;
